hotel_id,aspect,mentions,mean_score,pct_positive,pct_negative,negative_mentions,complaint_mentions,en_mentions,es_mentions,hotel_name,city
85029,amenities,17,0.84,0.882,0.0,0,0,11,5,Intercontinental Miami By IHG,Miami
85029,cleanliness,8,0.701,0.5,0.125,1,0,7,1,Intercontinental Miami By IHG,Miami
85029,food,38,0.817,0.737,0.026,1,1,22,16,Intercontinental Miami By IHG,Miami
85029,location,19,0.894,0.842,0.0,0,0,16,3,Intercontinental Miami By IHG,Miami
85029,noise,2,0.205,0.0,1.0,2,2,2,0,Intercontinental Miami By IHG,Miami
85029,price,1,0.941,1.0,0.0,0,0,1,0,Intercontinental Miami By IHG,Miami
85029,room,32,0.848,0.844,0.0,0,0,19,12,Intercontinental Miami By IHG,Miami
85029,staff,52,0.884,0.904,0.019,1,0,28,23,Intercontinental Miami By IHG,Miami
85031,amenities,18,0.83,0.778,0.0,0,0,15,3,Miami Marriott Biscayne Bay,Miami
85031,cleanliness,11,0.69,0.545,0.0,0,1,8,3,Miami Marriott Biscayne Bay,Miami
85031,food,73,0.827,0.781,0.027,2,3,51,22,Miami Marriott Biscayne Bay,Miami
85031,location,38,0.893,0.895,0.0,0,0,21,17,Miami Marriott Biscayne Bay,Miami
85031,noise,4,0.222,0.0,0.75,3,4,3,1,Miami Marriott Biscayne Bay,Miami
85031,price,8,0.647,0.375,0.0,0,0,6,2,Miami Marriott Biscayne Bay,Miami
85031,room,41,0.796,0.78,0.024,1,0,26,15,Miami Marriott Biscayne Bay,Miami
85031,staff,71,0.874,0.859,0.028,2,0,50,21,Miami Marriott Biscayne Bay,Miami
85329,amenities,24,0.858,0.792,0.0,0,0,23,1,Castle Hotel Autograph Collection,Orlando
85329,cleanliness,21,0.742,0.619,0.048,1,1,20,1,Castle Hotel Autograph Collection,Orlando
85329,food,47,0.849,0.787,0.021,1,0,43,4,Castle Hotel Autograph Collection,Orlando
85329,location,25,0.834,0.72,0.0,0,0,21,4,Castle Hotel Autograph Collection,Orlando
85329,noise,1,0.414,0.0,0.0,0,0,1,0,Castle Hotel Autograph Collection,Orlando
85329,price,2,0.677,0.5,0.0,0,0,2,0,Castle Hotel Autograph Collection,Orlando
85329,room,51,0.707,0.549,0.039,2,1,46,5,Castle Hotel Autograph Collection,Orlando
85329,staff,74,0.849,0.757,0.027,2,0,71,3,Castle Hotel Autograph Collection,Orlando
85401,amenities,29,0.722,0.552,0.0,0,0,27,2,Rosen Inn at Pointe Orlando,Orlando
85401,cleanliness,51,0.627,0.392,0.078,4,3,48,3,Rosen Inn at Pointe Orlando,Orlando
85401,food,32,0.784,0.656,0.031,1,0,31,1,Rosen Inn at Pointe Orlando,Orlando
85401,location,50,0.845,0.8,0.0,0,0,46,4,Rosen Inn at Pointe Orlando,Orlando
85401,noise,13,0.303,0.0,0.538,7,5,13,0,Rosen Inn at Pointe Orlando,Orlando
85401,price,10,0.798,0.8,0.0,0,0,7,3,Rosen Inn at Pointe Orlando,Orlando
85401,room,64,0.715,0.531,0.016,1,0,60,4,Rosen Inn at Pointe Orlando,Orlando
85401,staff,50,0.866,0.88,0.02,1,2,49,1,Rosen Inn at Pointe Orlando,Orlando
87115,amenities,6,0.829,0.833,0.0,0,0,2,4,Sonesta Miami Airport,Miami
87115,cleanliness,21,0.775,0.762,0.048,1,0,10,11,Sonesta Miami Airport,Miami
87115,food,47,0.852,0.872,0.064,3,1,24,23,Sonesta Miami Airport,Miami
87115,location,15,0.869,0.933,0.0,0,0,9,6,Sonesta Miami Airport,Miami
87115,price,1,0.988,1.0,0.0,0,0,0,1,Sonesta Miami Airport,Miami
87115,room,41,0.79,0.683,0.0,0,0,22,19,Sonesta Miami Airport,Miami
87115,staff,49,0.884,0.898,0.061,3,0,23,26,Sonesta Miami Airport,Miami
120210,amenities,44,0.835,0.818,0.0,0,0,43,1,The Florida Hotel & Conference Center,Orlando
120210,cleanliness,33,0.734,0.636,0.0,0,0,32,1,The Florida Hotel & Conference Center,Orlando
120210,food,40,0.82,0.8,0.0,0,0,38,2,The Florida Hotel & Conference Center,Orlando
120210,location,39,0.828,0.769,0.0,0,0,35,4,The Florida Hotel & Conference Center,Orlando
120210,price,2,0.766,0.5,0.0,0,0,2,0,The Florida Hotel & Conference Center,Orlando
120210,room,54,0.79,0.741,0.019,1,0,52,2,The Florida Hotel & Conference Center,Orlando
120210,staff,90,0.899,0.956,0.022,2,0,86,4,The Florida Hotel & Conference Center,Orlando
217395,amenities,33,0.817,0.727,0.03,1,0,29,4,Mayfair House Hotel & Garden,Miami
217395,cleanliness,10,0.698,0.5,0.1,1,0,10,0,Mayfair House Hotel & Garden,Miami
217395,food,26,0.781,0.654,0.038,1,0,23,3,Mayfair House Hotel & Garden,Miami
217395,location,32,0.803,0.75,0.031,1,0,29,3,Mayfair House Hotel & Garden,Miami
217395,noise,4,0.315,0.0,0.5,2,2,4,0,Mayfair House Hotel & Garden,Miami
217395,price,1,0.971,1.0,0.0,0,0,1,0,Mayfair House Hotel & Garden,Miami
217395,room,47,0.759,0.702,0.064,3,1,45,2,Mayfair House Hotel & Garden,Miami
217395,staff,56,0.892,0.875,0.0,0,0,54,2,Mayfair House Hotel & Garden,Miami
217397,amenities,7,0.896,0.857,0.0,0,0,5,2,Homewood Suites by Hilton Miami-Airport/Blue Lagoon,Miami
217397,cleanliness,8,0.826,0.75,0.0,0,0,6,2,Homewood Suites by Hilton Miami-Airport/Blue Lagoon,Miami
217397,food,25,0.841,0.84,0.0,0,0,17,8,Homewood Suites by Hilton Miami-Airport/Blue Lagoon,Miami
217397,location,16,0.863,0.812,0.0,0,0,9,7,Homewood Suites by Hilton Miami-Airport/Blue Lagoon,Miami
217397,room,37,0.764,0.73,0.027,1,1,26,11,Homewood Suites by Hilton Miami-Airport/Blue Lagoon,Miami
217397,staff,35,0.907,0.943,0.0,0,0,24,11,Homewood Suites by Hilton Miami-Airport/Blue Lagoon,Miami
235516,amenities,36,0.833,0.778,0.0,0,0,32,3,AC Hotel Miami Wynwood,Miami
235516,cleanliness,8,0.699,0.5,0.0,0,1,8,0,AC Hotel Miami Wynwood,Miami
235516,food,33,0.843,0.758,0.0,0,0,28,3,AC Hotel Miami Wynwood,Miami
235516,location,20,0.839,0.8,0.0,0,0,19,0,AC Hotel Miami Wynwood,Miami
235516,noise,2,0.252,0.0,1.0,2,2,2,0,AC Hotel Miami Wynwood,Miami
235516,price,2,0.776,0.5,0.0,0,0,2,0,AC Hotel Miami Wynwood,Miami
235516,room,36,0.771,0.639,0.0,0,0,29,6,AC Hotel Miami Wynwood,Miami
235516,staff,39,0.888,0.897,0.0,0,0,36,3,AC Hotel Miami Wynwood,Miami
288592,amenities,20,0.781,0.65,0.0,0,0,11,9,"Brickell Arch, A Luxury Collection Hotel, Miami",Miami
288592,cleanliness,7,0.818,0.714,0.0,0,0,6,1,"Brickell Arch, A Luxury Collection Hotel, Miami",Miami
288592,food,17,0.852,0.706,0.059,1,0,8,9,"Brickell Arch, A Luxury Collection Hotel, Miami",Miami
288592,location,25,0.897,0.92,0.0,0,0,12,13,"Brickell Arch, A Luxury Collection Hotel, Miami",Miami
288592,noise,1,0.457,0.0,0.0,0,0,1,0,"Brickell Arch, A Luxury Collection Hotel, Miami",Miami
288592,price,2,0.907,1.0,0.0,0,0,0,2,"Brickell Arch, A Luxury Collection Hotel, Miami",Miami
288592,room,42,0.827,0.81,0.024,1,0,17,25,"Brickell Arch, A Luxury Collection Hotel, Miami",Miami
288592,staff,58,0.905,0.914,0.0,0,0,30,28,"Brickell Arch, A Luxury Collection Hotel, Miami",Miami
1149365,amenities,11,0.887,0.909,0.0,0,0,8,3,Kimpton Epic Hotel by IHG,Miami
1149365,cleanliness,4,0.57,0.5,0.25,1,0,4,0,Kimpton Epic Hotel by IHG,Miami
1149365,food,10,0.831,0.7,0.0,0,0,6,4,Kimpton Epic Hotel by IHG,Miami
1149365,location,19,0.853,0.842,0.053,1,0,11,8,Kimpton Epic Hotel by IHG,Miami
1149365,room,12,0.797,0.583,0.0,0,0,8,4,Kimpton Epic Hotel by IHG,Miami
1149365,staff,49,0.912,0.939,0.02,1,0,28,21,Kimpton Epic Hotel by IHG,Miami
1308392,amenities,66,0.85,0.788,0.0,0,0,65,1,Signia By Hilton Orlando - An Official Walt Disney WorldR Hotel,Orlando
1308392,cleanliness,15,0.75,0.667,0.0,0,1,14,1,Signia By Hilton Orlando - An Official Walt Disney WorldR Hotel,Orlando
1308392,food,49,0.882,0.878,0.0,0,0,46,3,Signia By Hilton Orlando - An Official Walt Disney WorldR Hotel,Orlando
1308392,location,14,0.859,0.786,0.0,0,0,12,2,Signia By Hilton Orlando - An Official Walt Disney WorldR Hotel,Orlando
1308392,noise,2,0.123,0.0,1.0,2,1,1,1,Signia By Hilton Orlando - An Official Walt Disney WorldR Hotel,Orlando
1308392,price,3,0.792,0.667,0.0,0,0,2,1,Signia By Hilton Orlando - An Official Walt Disney WorldR Hotel,Orlando
1308392,room,34,0.789,0.765,0.029,1,0,32,2,Signia By Hilton Orlando - An Official Walt Disney WorldR Hotel,Orlando
1308392,staff,57,0.889,0.877,0.0,0,0,56,1,Signia By Hilton Orlando - An Official Walt Disney WorldR Hotel,Orlando
1382900,amenities,57,0.806,0.719,0.018,1,0,44,13,Hilton Orlando,Orlando
1382900,cleanliness,11,0.781,0.727,0.0,0,0,9,2,Hilton Orlando,Orlando
1382900,food,23,0.823,0.696,0.0,0,0,18,5,Hilton Orlando,Orlando
1382900,location,18,0.775,0.611,0.0,0,0,14,4,Hilton Orlando,Orlando
1382900,room,23,0.757,0.652,0.0,0,1,17,6,Hilton Orlando,Orlando
1382900,staff,48,0.898,0.917,0.0,0,0,43,5,Hilton Orlando,Orlando
2253238,amenities,39,0.835,0.821,0.0,0,0,26,11,Hampton Inn & Suites By Hilton Miami Brickell Downtown,Miami
2253238,cleanliness,38,0.747,0.658,0.053,2,0,27,11,Hampton Inn & Suites By Hilton Miami Brickell Downtown,Miami
2253238,food,104,0.777,0.683,0.048,5,2,59,41,Hampton Inn & Suites By Hilton Miami Brickell Downtown,Miami
2253238,location,82,0.86,0.817,0.0,0,0,39,41,Hampton Inn & Suites By Hilton Miami Brickell Downtown,Miami
2253238,noise,4,0.169,0.0,0.75,3,2,2,2,Hampton Inn & Suites By Hilton Miami Brickell Downtown,Miami
2253238,price,6,0.75,0.5,0.0,0,0,1,5,Hampton Inn & Suites By Hilton Miami Brickell Downtown,Miami
2253238,room,84,0.789,0.69,0.012,1,0,50,32,Hampton Inn & Suites By Hilton Miami Brickell Downtown,Miami
2253238,staff,98,0.887,0.878,0.01,1,0,59,37,Hampton Inn & Suites By Hilton Miami Brickell Downtown,Miami
3932244,amenities,52,0.81,0.712,0.019,1,1,23,29,Universal Cabana Bay Beach Resort,Orlando
3932244,cleanliness,27,0.664,0.519,0.111,3,1,14,13,Universal Cabana Bay Beach Resort,Orlando
3932244,food,33,0.766,0.636,0.0,0,0,14,19,Universal Cabana Bay Beach Resort,Orlando
3932244,location,27,0.793,0.667,0.0,0,0,10,17,Universal Cabana Bay Beach Resort,Orlando
3932244,noise,5,0.3,0.0,0.8,4,2,5,0,Universal Cabana Bay Beach Resort,Orlando
3932244,price,12,0.671,0.583,0.167,2,2,5,7,Universal Cabana Bay Beach Resort,Orlando
3932244,room,54,0.705,0.537,0.056,3,2,32,22,Universal Cabana Bay Beach Resort,Orlando
3932244,staff,16,0.805,0.75,0.125,2,0,9,7,Universal Cabana Bay Beach Resort,Orlando
6727321,amenities,120,0.819,0.775,0.025,3,0,116,4,The Vagabond Hotel Miami,Miami
6727321,cleanliness,57,0.757,0.684,0.018,1,0,53,3,The Vagabond Hotel Miami,Miami
6727321,food,60,0.8,0.717,0.017,1,0,55,5,The Vagabond Hotel Miami,Miami
6727321,location,51,0.806,0.725,0.02,1,0,47,4,The Vagabond Hotel Miami,Miami
6727321,noise,3,0.233,0.0,0.667,2,1,3,0,The Vagabond Hotel Miami,Miami
6727321,price,6,0.862,0.833,0.0,0,0,6,0,The Vagabond Hotel Miami,Miami
6727321,room,90,0.731,0.611,0.033,3,0,85,4,The Vagabond Hotel Miami,Miami
6727321,staff,79,0.858,0.848,0.013,1,0,76,3,The Vagabond Hotel Miami,Miami
10673726,amenities,13,0.847,0.769,0.0,0,0,9,4,Hampton Inn & Suites Miami Wynwood Design District,Miami
10673726,cleanliness,18,0.752,0.611,0.0,0,0,12,6,Hampton Inn & Suites Miami Wynwood Design District,Miami
10673726,food,57,0.789,0.702,0.035,2,0,30,27,Hampton Inn & Suites Miami Wynwood Design District,Miami
10673726,location,38,0.895,0.895,0.0,0,0,21,16,Hampton Inn & Suites Miami Wynwood Design District,Miami
10673726,noise,3,0.22,0.0,0.667,2,1,2,1,Hampton Inn & Suites Miami Wynwood Design District,Miami
10673726,price,2,0.952,1.0,0.0,0,0,0,2,Hampton Inn & Suites Miami Wynwood Design District,Miami
10673726,room,49,0.774,0.735,0.02,1,0,27,22,Hampton Inn & Suites Miami Wynwood Design District,Miami
10673726,staff,81,0.89,0.914,0.0,0,0,56,25,Hampton Inn & Suites Miami Wynwood Design District,Miami
12451425,amenities,86,0.853,0.814,0.012,1,0,66,20,Universal Aventura Hotel,Orlando
12451425,cleanliness,31,0.675,0.484,0.097,3,1,29,2,Universal Aventura Hotel,Orlando
12451425,food,57,0.822,0.772,0.0,0,0,49,8,Universal Aventura Hotel,Orlando
12451425,location,25,0.881,0.84,0.0,0,0,18,7,Universal Aventura Hotel,Orlando
12451425,noise,12,0.255,0.0,0.583,7,6,10,2,Universal Aventura Hotel,Orlando
12451425,price,4,0.701,0.5,0.0,0,0,3,1,Universal Aventura Hotel,Orlando
12451425,room,88,0.781,0.682,0.011,1,0,76,12,Universal Aventura Hotel,Orlando
12451425,staff,48,0.92,0.896,0.0,0,0,41,7,Universal Aventura Hotel,Orlando
15089284,amenities,43,0.883,0.884,0.0,0,0,33,10,Hyde Midtown Miami,Miami
15089284,cleanliness,14,0.691,0.357,0.0,0,0,12,2,Hyde Midtown Miami,Miami
15089284,food,18,0.856,0.778,0.0,0,0,12,5,Hyde Midtown Miami,Miami
15089284,location,71,0.806,0.69,0.0,0,0,58,12,Hyde Midtown Miami,Miami
15089284,noise,2,0.465,0.0,0.5,1,1,2,0,Hyde Midtown Miami,Miami
15089284,price,1,0.422,0.0,0.0,0,0,1,0,Hyde Midtown Miami,Miami
15089284,room,68,0.821,0.75,0.015,1,0,49,16,Hyde Midtown Miami,Miami
15089284,staff,78,0.873,0.872,0.013,1,0,63,13,Hyde Midtown Miami,Miami
15809999,amenities,15,0.782,0.6,0.0,0,0,15,0,Mr. C Miami Coconut Grove,Miami
15809999,cleanliness,3,0.791,0.667,0.0,0,0,3,0,Mr. C Miami Coconut Grove,Miami
15809999,food,12,0.746,0.583,0.083,1,1,12,0,Mr. C Miami Coconut Grove,Miami
15809999,location,8,0.778,0.625,0.0,0,0,8,0,Mr. C Miami Coconut Grove,Miami
15809999,noise,4,0.286,0.0,0.75,3,3,4,0,Mr. C Miami Coconut Grove,Miami
15809999,price,2,0.904,1.0,0.0,0,0,2,0,Mr. C Miami Coconut Grove,Miami
15809999,room,16,0.82,0.75,0.0,0,0,15,0,Mr. C Miami Coconut Grove,Miami
15809999,staff,22,0.881,0.909,0.0,0,0,22,0,Mr. C Miami Coconut Grove,Miami
24889567,amenities,33,0.879,0.848,0.0,0,0,30,2,Arlo Wynwood,Miami
24889567,cleanliness,11,0.78,0.636,0.0,0,0,11,0,Arlo Wynwood,Miami
24889567,food,14,0.836,0.714,0.0,0,0,13,1,Arlo Wynwood,Miami
24889567,location,14,0.839,0.714,0.0,0,0,10,4,Arlo Wynwood,Miami
24889567,noise,8,0.302,0.0,0.5,4,4,8,0,Arlo Wynwood,Miami
24889567,price,1,0.63,0.0,0.0,0,0,1,0,Arlo Wynwood,Miami
24889567,room,35,0.772,0.629,0.029,1,1,30,5,Arlo Wynwood,Miami
24889567,staff,47,0.888,0.894,0.0,0,0,45,2,Arlo Wynwood,Miami
25150899,amenities,46,0.885,0.891,0.022,1,0,27,19,The Elser Hotel Miami,Miami
25150899,cleanliness,19,0.711,0.579,0.053,1,0,18,1,The Elser Hotel Miami,Miami
25150899,food,11,0.701,0.636,0.091,1,1,8,3,The Elser Hotel Miami,Miami
25150899,location,28,0.862,0.786,0.0,0,0,13,15,The Elser Hotel Miami,Miami
25150899,price,4,0.83,0.75,0.0,0,0,1,3,The Elser Hotel Miami,Miami
25150899,room,36,0.837,0.778,0.0,0,0,24,12,The Elser Hotel Miami,Miami
25150899,staff,40,0.912,0.95,0.0,0,0,30,10,The Elser Hotel Miami,Miami
25222291,amenities,13,0.812,0.769,0.077,1,0,13,0,Holiday Inn Orlando International Dr-ICON by IHG,Orlando
25222291,cleanliness,17,0.808,0.706,0.0,0,0,13,4,Holiday Inn Orlando International Dr-ICON by IHG,Orlando
25222291,food,17,0.861,0.882,0.0,0,0,15,2,Holiday Inn Orlando International Dr-ICON by IHG,Orlando
25222291,location,31,0.814,0.806,0.032,1,1,26,5,Holiday Inn Orlando International Dr-ICON by IHG,Orlando
25222291,noise,1,0.208,0.0,1.0,1,0,1,0,Holiday Inn Orlando International Dr-ICON by IHG,Orlando
25222291,price,5,0.886,0.8,0.0,0,0,4,1,Holiday Inn Orlando International Dr-ICON by IHG,Orlando
25222291,room,34,0.749,0.647,0.029,1,0,29,5,Holiday Inn Orlando International Dr-ICON by IHG,Orlando
25222291,staff,42,0.898,0.881,0.024,1,0,33,9,Holiday Inn Orlando International Dr-ICON by IHG,Orlando
