hotel_id,hotel_name,ta_review_count,ta_rating
217397,Homewood Suites by Hilton Miami-Airport/Blue Lagoon,2699,4.1
1149365,Kimpton Epic Hotel by IHG,5234,4.4
2253238,Hampton Inn & Suites By Hilton Miami Brickell Downtown,5269,4.7
217395,Mayfair House Hotel & Garden,756,4.6
85029,Intercontinental Miami By IHG,9930,4.5
25150899,The Elser Hotel Miami,1626,4.6
15089284,Hyde Midtown Miami,399,4.7
24889567,Arlo Wynwood,312,4.6
6727321,The Vagabond Hotel Miami,717,4.6
25222291,Holiday Inn Orlando International Dr-ICON by IHG,540,4.8
10673726,Hampton Inn & Suites Miami Wynwood Design District,1090,4.6
1308392,Signia By Hilton Orlando - An Official Walt Disney WorldR Hotel,9290,4.5
235516,AC Hotel Miami Wynwood,302,4.6
288592,"Brickell Arch, A Luxury Collection Hotel, Miami",4301,4.4
85031,Miami Marriott Biscayne Bay,5209,4.3
87115,Sonesta Miami Airport,2568,4.2
85329,Castle Hotel Autograph Collection,1906,4.4
12451425,Universal Aventura Hotel,2832,4.3
15809999,Mr. C Miami Coconut Grove,629,4.4
85401,Rosen Inn at Pointe Orlando,10057,4.0
120210,The Florida Hotel & Conference Center,8186,4.6
3932244,Universal Cabana Bay Beach Resort,24988,4.2
1382900,Hilton Orlando,8204,4.5
