quarter,city,language,avg_sentiment,review_count
2017Q2,Miami,en,0.726,7
2017Q3,Miami,en,0.666,11
2017Q3,Miami,es,0.617,3
2017Q4,Miami,en,0.781,2
2018Q1,Miami,en,0.657,4
2018Q1,Miami,es,0.68,2
2018Q2,Miami,en,0.761,2
2018Q2,Miami,es,0.79,12
2018Q3,Miami,en,0.675,1
2018Q3,Miami,es,0.79,16
2018Q3,Orlando,en,0.713,16
2018Q3,Orlando,es,0.82,2
2018Q4,Miami,en,0.726,2
2018Q4,Miami,es,0.723,9
2018Q4,Orlando,es,0.611,3
2019Q1,Miami,en,0.621,3
2019Q1,Miami,es,0.753,8
2019Q1,Orlando,en,0.566,6
2019Q1,Orlando,es,0.804,4
2019Q2,Miami,en,0.829,3
2019Q2,Miami,es,0.739,15
2019Q2,Orlando,en,0.643,4
2019Q2,Orlando,es,0.629,2
2019Q3,Miami,en,0.686,2
2019Q3,Miami,es,0.737,20
2019Q3,Orlando,en,0.634,9
2019Q3,Orlando,es,0.801,6
2019Q4,Miami,en,0.816,2
2019Q4,Miami,es,0.737,23
2019Q4,Orlando,en,0.763,6
2019Q4,Orlando,es,0.644,9
2020Q1,Miami,en,0.622,9
2020Q1,Miami,es,0.7,15
2020Q1,Orlando,en,0.694,13
2020Q1,Orlando,es,0.735,9
2020Q2,Miami,en,0.65,10
2020Q2,Orlando,en,0.696,53
2020Q3,Miami,en,0.714,12
2020Q3,Miami,es,0.835,7
2020Q3,Orlando,en,0.635,31
2020Q4,Miami,en,0.729,16
2020Q4,Miami,es,0.869,8
2020Q4,Orlando,en,0.592,8
2020Q4,Orlando,es,0.88,1
2021Q1,Miami,en,0.676,16
2021Q1,Miami,es,0.596,3
2021Q1,Orlando,es,0.653,2
2021Q2,Miami,en,0.742,11
2021Q2,Miami,es,0.604,33
2021Q2,Orlando,es,0.777,5
2021Q3,Miami,en,0.527,11
2021Q3,Miami,es,0.704,16
2021Q3,Orlando,en,0.614,1
2021Q3,Orlando,es,0.574,13
2021Q4,Miami,en,0.644,10
2021Q4,Miami,es,0.851,18
2021Q4,Orlando,en,0.527,28
2021Q4,Orlando,es,0.661,15
2022Q1,Miami,en,0.695,57
2022Q1,Miami,es,0.774,17
2022Q1,Orlando,en,0.665,88
2022Q1,Orlando,es,0.637,13
2022Q2,Miami,en,0.843,4
2022Q2,Miami,es,0.847,24
2022Q2,Orlando,en,0.78,10
2022Q2,Orlando,es,0.67,8
2022Q3,Miami,en,0.739,35
2022Q3,Miami,es,0.727,33
2022Q3,Orlando,en,0.666,43
2022Q3,Orlando,es,0.84,6
2022Q4,Miami,en,0.734,24
2022Q4,Miami,es,0.835,15
2022Q4,Orlando,en,0.764,18
2022Q4,Orlando,es,0.765,9
2023Q1,Miami,en,0.676,30
2023Q1,Miami,es,0.787,20
2023Q1,Orlando,en,0.716,30
2023Q1,Orlando,es,0.638,18
2023Q2,Miami,en,0.733,43
2023Q2,Miami,es,0.784,28
2023Q2,Orlando,en,0.649,19
2023Q2,Orlando,es,0.69,8
2023Q3,Miami,en,0.731,27
2023Q3,Miami,es,0.73,25
2023Q3,Orlando,en,0.692,41
2023Q3,Orlando,es,0.74,11
2023Q4,Miami,en,0.711,54
2023Q4,Miami,es,0.817,28
2023Q4,Orlando,en,0.627,27
2023Q4,Orlando,es,0.711,7
2024Q1,Miami,en,0.75,49
2024Q1,Miami,es,0.818,14
2024Q1,Orlando,en,0.664,46
2024Q1,Orlando,es,0.601,5
2024Q2,Miami,en,0.706,75
2024Q2,Miami,es,0.786,16
2024Q2,Orlando,en,0.724,35
2024Q2,Orlando,es,0.61,9
2024Q3,Miami,en,0.733,70
2024Q3,Miami,es,0.705,19
2024Q3,Orlando,en,0.686,51
2024Q3,Orlando,es,0.63,8
2024Q4,Miami,en,0.727,54
2024Q4,Miami,es,0.861,13
2024Q4,Orlando,en,0.709,29
2024Q4,Orlando,es,0.657,3
2025Q1,Miami,en,0.713,79
2025Q1,Miami,es,0.834,24
2025Q1,Orlando,en,0.666,59
2025Q1,Orlando,es,0.738,6
2025Q2,Miami,en,0.729,73
2025Q2,Miami,es,0.852,45
2025Q2,Orlando,en,0.679,25
2025Q2,Orlando,es,0.843,5
2025Q3,Miami,en,0.734,89
2025Q3,Miami,es,0.827,59
2025Q3,Orlando,en,0.735,65
2025Q3,Orlando,es,0.723,5
2025Q4,Miami,en,0.78,85
2025Q4,Miami,es,0.83,36
2025Q4,Orlando,en,0.714,31
2025Q4,Orlando,es,0.911,7
2026Q1,Miami,en,0.748,157
2026Q1,Miami,es,0.83,70
2026Q1,Orlando,en,0.696,66
2026Q1,Orlando,es,0.881,10
2026Q2,Miami,en,0.784,287
2026Q2,Miami,es,0.812,46
2026Q2,Orlando,en,0.794,104
2026Q2,Orlando,es,0.858,11
2026Q3,Miami,en,0.81,159
2026Q3,Miami,es,0.912,42
2026Q3,Orlando,en,0.736,123
2026Q3,Orlando,es,0.827,14
